####### insert xm_task
# INSERT INTO xm_task (id, taskname, category, award, designnum, author, endtime, firstcommit, info, content, publishAt, readnum, location, fileurl, disabled, opBy, opAt, delFlag, applyendtime, status, original_order) VALUES ('rws_kf01201802064', '瑞华集团官网前端开发', '8c5f0e14f6b54ef0bfccbf9aef965476', 2500, 1, 'gyb201807', 1519817418, 1518589818, '', '', 1517898858, 0, 3, '', 0, '9fcc93075c954775a0f4438a0bdb37e8', 1517899172, 0, 1518589818, 2, null);
# INSERT INTO xm_task (id, taskname, category, award, designnum, author, endtime, firstcommit, info, content, publishAt, readnum, location, fileurl, disabled, opBy, opAt, delFlag, applyendtime, status, original_order) VALUES ('rws_kf0202201803236', '詹天佑网站升级开发', 'cc1a20149bc646bbabf289812191b0c2', 300, 1, 'gyb201807', 1521779782, 1521779782, '微信栏目整理、新增活动报名功能、修复网页留言BUG、优化后台管理BUG。原地址:www.whztygj.com', '<p><span style="color: rgb(89, 89, 90); font-family: 宋体, &quot;Open Sans&quot;, &quot;Helvetica Neue&quot;, Helvetica, Arial, sans-serif; font-size: 13px; background-color: rgb(255, 255, 255);">微信栏目整理、新增活动报名功能、修复网页留言BUG、优化后台管理BUG。原地址:www.whztygj.com</span></p>', 1521779782, 0, 3, '', 0, '9fcc93075c954775a0f4438a0bdb37e8', 1521779822, 0, 1521867622, 2, null);
# INSERT INTO xm_task (id, taskname, category, award, designnum, author, endtime, firstcommit, info, content, publishAt, readnum, location, fileurl, disabled, opBy, opAt, delFlag, applyendtime, status, original_order) VALUES ('rws_kf02201802065', '瑞华集团官网后台及程序开发', 'e15df45aadf54d2f91edba02a77b6f3d', 2000, 1, 'gyb201807', 1517899523, 1517899523, '', '', 1517899523, 0, 3, '', 0, '9fcc93075c954775a0f4438a0bdb37e8', 1517899595, 0, 1517899523, 2, null);
# INSERT INTO xm_task (id, taskname, category, award, designnum, author, endtime, firstcommit, info, content, publishAt, readnum, location, fileurl, disabled, opBy, opAt, delFlag, applyendtime, status, original_order) VALUES ('rws_sj0103201803289', '雇佣帮内部名片设计', '358031dba16248c8bb5201f74c5e8f7a', 150, 1, 'gyb201812', 1522840820, 1522322420, '名片设计两张，商业风格，高端大气', '<p>名片设计两张，商业风格，高端大气</p>', 1522236260, 0, 3, '', 0, 'ad568f6d8664438eb6dfecbc13b05f14', 1522236407, 0, 1522322420, 2, '00000000');
# INSERT INTO xm_task (id, taskname, category, award, designnum, author, endtime, firstcommit, info, content, publishAt, readnum, location, fileurl, disabled, opBy, opAt, delFlag, applyendtime, status, original_order) VALUES ('rws_sj01032018033011', '浪漫学法语宣传单设计', '358031dba16248c8bb5201f74c5e8f7a', 80, 1, 'gyb201812', 1522542923, 1522456523, '浪漫学法语宣传单，有模板，提供了素材内容，需按照模板制作', '<p>浪漫学法语宣传单，有模板，提供了素材内容，需按照模板制作</p>', 1522370183, 0, 3, '', 0, 'ad568f6d8664438eb6dfecbc13b05f14', 1522370589, 0, 1522456223, 2, '05357519');
# INSERT INTO xm_task (id, taskname, category, award, designnum, author, endtime, firstcommit, info, content, publishAt, readnum, location, fileurl, disabled, opBy, opAt, delFlag, applyendtime, status, original_order) VALUES ('rws_sj0109201803288', '同创地产', 'f5be2da13dc7474ca473914cce5a7c7a', 700, 1, 'gyb201812', 1522494309, 1522410309, '同创地产企业画册原创设计
# 风格高端大气', '<p>根据资料完成40p的同创地产企业画册原创设计。<br/></p><p>客户已提供图片、文字和参考案例。</p><p>画册风格偏向高端、简洁大气。</p>', 1522235289, 0, 3, '/upload/file/20180328/客户给的参考案例.rar', 0, 'ad568f6d8664438eb6dfecbc13b05f14', 1522236094, 0, 1522321509, 2, '8538-9074');
# INSERT INTO xm_task (id, taskname, category, award, designnum, author, endtime, firstcommit, info, content, publishAt, readnum, location, fileurl, disabled, opBy, opAt, delFlag, applyendtime, status, original_order) VALUES ('rws_sj012018040212', '试验任务-文件上传太大反馈失败', '29c0d8b1e30c4387b8d3f83cb7e7d934', 0, 1, 'gyb201812', 1523513453, 1522822253, '', '', 1522649693, 0, 3, '', 0, 'ad568f6d8664438eb6dfecbc13b05f14', 1522649770, 0, 1522775453, 2, '00000000');
# INSERT INTO xm_task (id, taskname, category, award, designnum, author, endtime, firstcommit, info, content, publishAt, readnum, location, fileurl, disabled, opBy, opAt, delFlag, applyendtime, status, original_order) VALUES ('rws_sj022018032811', '【PPT排版设计】微课《计算机会计》', 'c6928384894b42d0b952bd2f179e8233', 250, 1, 'gyb201814', 1522665051, 1522589451, '针对微课《计算机会计》的原始课件，按照开放课程的要求统一调整格式模板，文字内容无需进行改动；任务认领后，会通过QQ（成功认领后，请加QQ784868083，验证信息随意））发送原始课件；占用时间精力不会太多，ASAP；终稿截止日期为4月2日。。', '<p>针对微课《计算机会计》的原始课件，按照开放课程的要求统一调整格式模板，文字内容无需进行改动；任务认领后，会通过QQ（成功认领后，请加QQ784868083，验证信息随意））发送原始课件；占用时间精力不会太多，ASAP；终稿截止日期为4月2日。</p>', 1522245291, 0, 3, '', 0, 'c33599ea7f8a4d33a9d39f53966e1b54', 1522245565, 0, 1522245291, 2, '99701089');
# INSERT INTO xm_task (id, taskname, category, award, designnum, author, endtime, firstcommit, info, content, publishAt, readnum, location, fileurl, disabled, opBy, opAt, delFlag, applyendtime, status, original_order) VALUES ('rws_sj0302201802066', '瑞华集团官网设计图切图', 'e7bd5bc305c4431eab02fc974e6bb159', 500, 1, 'gyb201807', 1518591349, 1518231049, '', '', 1517900149, 0, 3, '', 0, '9fcc93075c954775a0f4438a0bdb37e8', 1517900220, 0, 1517900149, 2, null);
# INSERT INTO xm_task (id, taskname, category, award, designnum, author, endtime, firstcommit, info, content, publishAt, readnum, location, fileurl, disabled, opBy, opAt, delFlag, applyendtime, status, original_order) VALUES ('rws_sj0303201801310', '石门峰网上纪念馆UI优化', '1b4a387cafda4b0e91c5440ebcc8ce3c', 1200, 1, 'gyb201812', 1518264007, 1517400187, '完成对红色先烈、钢铁英雄、文学巨匠、莘莘园丁四个页面的优化。', '<p style="line-height: 16px;">完成对<span style="font-family: 宋体; font-size: 14px;">红色先烈、钢铁英雄、文学巨匠、莘莘园丁</span>四个页面的优化</p><p><a href="http://www.ourlife365.com/memory/index"><span style="text-decoration:underline;"><span style="font-family: 宋体;color: rgb(0, 0, 255)">http://www.ourlife365.com/memory/index</span></span></a></p><p><span style=";font-family:宋体;font-size:14px"><span style="font-family:宋体">上面的链接是客户原网站。</span></span></p><p><span style=";font-family:宋体;font-size:14px"><span style="font-family:宋体">打开后首页有爱心天使、抗战英雄、红色先烈等十个分类，每个分类有对应的人，每个人点进去都有单独的纪念页面。现在要做的就是除爱心天使和抗战英雄以外的八种类别对应的八个页面。</span></span></p><p><span style=";font-family:宋体;font-size:14px">&nbsp;</span></p><p><span style=";font-family:宋体;font-size:14px"><span style="font-family:宋体">要求每一类有明显的设计风格和设计元素，比如红色先烈类可能倾向于色调大红，要展现出一定的精神正气；艺术大师类可能就倾向于高雅、具有艺术风格等等。</span></span></p><p><span style=";font-family:宋体;font-size:14px">&nbsp;</span></p><p><span style=";font-family:宋体;font-size:14px"><span style="font-family:宋体">客户提供了部分类别的十三个人的资料，仅供参考。因为有的类别原网站里没有任何信息，所以可以挑客户提供的这些人里面某些信息进行设计，有的人和类别可以对上最好，没对上也没关系。重点还是在八个类别的不同设计风格。（信息见附件二）</span></span></p><p><span style=";font-family:宋体;font-size:14px"><span style="font-family:宋体"><br/></span></span></p><p><span style=";font-family:宋体;font-size:14px"><span style="font-family:宋体">字体最好统一，我建议就用微软雅黑（</span><span style="font-family:Calibri">bold</span><span style="font-family:宋体">、</span><span style="font-family:Calibri">regular</span><span style="font-family:宋体">、</span><span style="font-family:Calibri">light</span><span style="font-family:宋体">）一整套，或者幼圆这种纤细优雅的，</span><span style="font-family:Calibri">UI</span><span style="font-family:宋体">设计不宜使用过多字体，也不宜使用很奇怪的字体。</span></span></p><p><span style=";font-family:宋体;font-size:14px"><span style="font-family:宋体">布局和功能完全按照参考案例来即可，只是整体设计风格需要进行变化</span></span></p><p><br/></p>', 1517400187, null, null, '', 0, null, null, null, 1517486407, 2, null);
# INSERT INTO xm_task (id, taskname, category, award, designnum, author, endtime, firstcommit, info, content, publishAt, readnum, location, fileurl, disabled, opBy, opAt, delFlag, applyendtime, status, original_order) VALUES ('rws_sj0303201801311', '石门峰网上纪念馆UI优化2', '1b4a387cafda4b0e91c5440ebcc8ce3c', 1200, 1, 'gyb201812', 1518264905, 1517401174, '', '<p><span style=";font-family:宋体;font-size:14px">&nbsp;完成对<span style="font-family:宋体">辛亥英烈、白衣天使、艺术大师、共和国卫士四个页面的UI优化。</span></span></p><p><span style=";font-family:宋体;font-size:14px"><span style="font-family:宋体"><br/></span></span></p><p><span style=";font-family:宋体;font-size:14px"><span style="font-family:宋体"></span></span></p><p><a href="http://www.ourlife365.com/memory/index"><span style="text-decoration:underline;"><span style="font-family: 宋体;color: rgb(0, 0, 255)">http://www.ourlife365.com/memory/index</span></span></a></p><p><span style=";font-family:宋体;font-size:14px"><span style="font-family:宋体">上面的链接是客户原网站。</span></span></p><p><span style=";font-family:宋体;font-size:14px"><span style="font-family:宋体">打开后首页有爱心天使、抗战英雄、红色先烈等十个分类，每个分类有对应的人，每个人点进去都有单独的纪念页面。现在要做的就是除爱心天使和抗战英雄以外的八种类别对应的八个页面。</span></span></p><p><span style=";font-family:宋体;font-size:14px">&nbsp;</span></p><p><span style=";font-family:宋体;font-size:14px"><span style="font-family:宋体">要求每一类有明显的设计风格和设计元素，比如红色先烈类可能倾向于色调大红，要展现出一定的精神正气；艺术大师类可能就倾向于高雅、具有艺术风格等等。</span></span></p><p><span style=";font-family:宋体;font-size:14px">&nbsp;</span></p><p><span style=";font-family:宋体;font-size:14px"><span style="font-family:宋体">客户提供了部分类别的十三个人的资料，仅供参考。因为有的类别原网站里没有任何信息，所以可以挑客户提供的这些人里面某些信息进行设计，有的人和类别可以对上最好，没对上也没关系。重点还是在八个类别的不同设计风格。（信息见附件二）</span></span></p><p><span style=";font-family:宋体;font-size:14px"><span style="font-family:宋体"><br/></span></span><br/></p><p><br/></p>', 1517401085, null, null, '', 0, null, null, null, 1517487305, 2, null);
# INSERT INTO xm_task (id, taskname, category, award, designnum, author, endtime, firstcommit, info, content, publishAt, readnum, location, fileurl, disabled, opBy, opAt, delFlag, applyendtime, status, original_order) VALUES ('rws_sj201802023', '石门峰拍摄项目', 'f608589f92c849fbb80dcf395fa396d0', 3600, 1, 'gyb201814', 1517994006, 1517553006, '石门峰拍摄项目1', '<p>石门峰拍摄项目。雇员：朱振江；薪酬详情：￥30/张（包括拍摄与修图）+￥600（包括雇员与其助理两日的交通补助与饭补）；最后薪酬将按照最后成品照片张数计算。</p>', 1517553006, 0, 3, '', 0, 'c33599ea7f8a4d33a9d39f53966e1b54', 1517553082, 0, 1517634006, 0, null);
# INSERT INTO xm_task (id, taskname, category, award, designnum, author, endtime, firstcommit, info, content, publishAt, readnum, location, fileurl, disabled, opBy, opAt, delFlag, applyendtime, status, original_order) VALUES ('rws_yy0101201803257', '《运筹学》在线视频课程解说字幕', '5b4c150907db4ed2a7d17b99f1621b7c', 435, 1, 'gyb201807', 1522429242, 1522382442, '运筹学第一章解说视频，听写，对轴。', '<p>运筹学第一章解说视频，听写，对轴<br/>包括五节<br/>1.1 15分钟<br/>1.2 12分钟<br/>1.3&nbsp;6分钟<br/>1.4 20分钟<br/>1.5 92分钟</p><p>任务成功对接后，通过QQ传送需要配的视频。&nbsp;&nbsp;另外，在做字幕时，每发现视频中有一个剪辑错误，可额外奖励3元。</p><p><br/></p>', 1521911442, 0, 3, '', 0, '9fcc93075c954775a0f4438a0bdb37e8', 1521911653, 0, 1522036842, 0, null);
# INSERT INTO xm_task (id, taskname, category, award, designnum, author, endtime, firstcommit, info, content, publishAt, readnum, location, fileurl, disabled, opBy, opAt, delFlag, applyendtime, status, original_order) VALUES ('rws_yy01012018040313', '《运筹学》在线视频课程解说字幕 第二章', '5b4c150907db4ed2a7d17b99f1621b7c', 582, 1, 'gyb201807', 1523980838, 1523721638, '运筹学第二章的视频内容校对及中文字幕听写对轴', '<p>任务明细:</p><ol class=" list-paddingleft-2" style="list-style-type: decimal;"><li><p>找出视频剪辑中的错误，并反馈给项目经理</p></li><li><p>完成每个视频的中文字幕制作，并生成SRT文件。</p></li><li><p>视频目录</p><p>2.1&nbsp; &nbsp; &nbsp; &nbsp; 33min</p><p>2.2 P1&nbsp; 16min25</p><p>2.2 P2&nbsp; 15min35</p><p>2.2 P3&nbsp; 17min14</p><p>2.2 P4&nbsp; 15min39</p><p>2.2 P5&nbsp; 18min42</p><p>2.3&nbsp; &nbsp; &nbsp; &nbsp;19min06</p><p>2.4 P1&nbsp; 19min48</p><p>2.4 P2&nbsp;&nbsp;13min44</p><p>2.4 P3&nbsp;&nbsp;14min33</p><p>2,4 P4&nbsp; 10min07</p><p>共计约194分钟</p></li><li><p>需要交付的内容为每个视频对应的SRT字幕文件，共计11个。<br/></p></li></ol>', 1522742918, 0, 3, '', 1, '9fcc93075c954775a0f4438a0bdb37e8', 1522743725, 0, 1522944038, 0, '无');
# INSERT INTO xm_task (id, taskname, category, award, designnum, author, endtime, firstcommit, info, content, publishAt, readnum, location, fileurl, disabled, opBy, opAt, delFlag, applyendtime, status, original_order) VALUES ('rws_yy01012018042715', '《运筹学》在线视频课程解说字幕 第3章', '5b4c150907db4ed2a7d17b99f1621b7c', 147, 1, 'gyb201807', 1525881620, 1525708820, '1找出视频剪辑中的错误，并反馈给项目经理
# 2完成每个视频的中文字幕制作，并生成SRT文件。', '<p>任务明细:<br/>1找出视频剪辑中的错误，并反馈给项目经理<br/>2完成每个视频的中文字幕制作，并生成SRT文件。</p><p>视频目录<br/>3.1&nbsp; 19分48秒<br/>3.2&nbsp; 23分07秒<br/>3.3&nbsp; 5分44秒<br/>共计约49分钟</p><p>需要交付的内容为每个视频对应的SRT字幕文件，共计3个。</p><p><br/></p>', 1524827360, 0, 3, '', 1, '9fcc93075c954775a0f4438a0bdb37e8', 1524827473, 0, 1525104020, 0, '无');
# INSERT INTO xm_task (id, taskname, category, award, designnum, author, endtime, firstcommit, info, content, publishAt, readnum, location, fileurl, disabled, opBy, opAt, delFlag, applyendtime, status, original_order) VALUES ('rws_yy01012018042716', '《运筹学》在线视频课程解说字幕 第4章', '5b4c150907db4ed2a7d17b99f1621b7c', 132, 1, 'gyb201807', 1525881615, 1525708815, '任务明细:
# 1找出视频剪辑中的错误，并反馈给项目经理
# 2完成每个视频的中文字幕制作，并生成SRT文件。', '<p>任务明细:<br/>1找出视频剪辑中的错误，并反馈给项目经理<br/>2完成每个视频的中文字幕制作，并生成SRT文件。<br/>视频目录<br/>4.1&nbsp; 17分23秒<br/>4.2&nbsp; 13分20秒<br/>4.3&nbsp; 12分47秒</p><p>共计约44分钟<br/>需要交付的内容为每个视频对应的SRT字幕文件，共计3个。</p><p><br/></p>', 1524827595, 0, 3, '', 0, '9fcc93075c954775a0f4438a0bdb37e8', 1524827726, 0, 1525104015, 1, '无');
# INSERT INTO xm_task (id, taskname, category, award, designnum, author, endtime, firstcommit, info, content, publishAt, readnum, location, fileurl, disabled, opBy, opAt, delFlag, applyendtime, status, original_order) VALUES ('rws_yy01012018042718', '《运筹学》在线视频课程解说字幕 第6章', '5b4c150907db4ed2a7d17b99f1621b7c', 132, 1, 'gyb201807', 1526313658, 1525881658, '任务明细:
# 1找出视频剪辑中的错误，并反馈给项目经理
# 2完成每个视频的中文字幕制作，并生成SRT文件。', '<p style="background-attachment: scroll; background-clip: border-box; background-color: transparent; background-image: none; background-origin: padding-box; background-position-x: 0%; background-position-y: 0%; background-repeat: repeat; background-size: auto; box-sizing: border-box; color: rgb(89, 89, 90); font-family: &amp;quot;宋体&amp;quot;,&amp;quot;Open Sans&amp;quot;,&amp;quot;Helvetica Neue&amp;quot;,Helvetica,Arial,sans-serif; font-size: 13px; font-style: normal; font-variant: normal; font-weight: 400; letter-spacing: normal; margin-bottom: 10px; margin-left: 0px; margin-right: 0px; margin-top: 0px; orphans: 2; text-align: left; text-decoration: none; text-indent: 0px; text-shadow: none; text-transform: none; -webkit-text-stroke-width: 0px; white-space: normal; word-spacing: 0px;">任务明细:<br style="background-attachment: scroll; background-clip: border-box; background-color: transparent; background-image: none; background-origin: padding-box; background-position-x: 0%; background-position-y: 0%; background-repeat: repeat; background-size: auto; box-sizing: border-box; color: rgb(89, 89, 90); text-shadow: none;"/>1找出视频剪辑中的错误，并反馈给项目经理<br style="background-attachment: scroll; background-clip: border-box; background-color: transparent; background-image: none; background-origin: padding-box; background-position-x: 0%; background-position-y: 0%; background-repeat: repeat; background-size: auto; box-sizing: border-box; color: rgb(89, 89, 90); text-shadow: none;"/>2完成每个视频的中文字幕制作，并生成SRT文件。</p><p style="background-attachment: scroll; background-clip: border-box; background-color: transparent; background-image: none; background-origin: padding-box; background-position-x: 0%; background-position-y: 0%; background-repeat: repeat; background-size: auto; box-sizing: border-box; color: rgb(89, 89, 90); font-family: &amp;quot;宋体&amp;quot;,&amp;quot;Open Sans&amp;quot;,&amp;quot;Helvetica Neue&amp;quot;,Helvetica,Arial,sans-serif; font-size: 13px; font-style: normal; font-variant: normal; font-weight: 400; letter-spacing: normal; margin-bottom: 10px; margin-left: 0px; margin-right: 0px; margin-top: 0px; orphans: 2; text-align: left; text-decoration: none; text-indent: 0px; text-shadow: none; text-transform: none; -webkit-text-stroke-width: 0px; white-space: normal; word-spacing: 0px;">视频目录<br style="background-attachment: scroll; background-clip: border-box; background-color: transparent; background-image: none; background-origin: padding-box; background-position-x: 0%; background-position-y: 0%; background-repeat: repeat; background-size: auto; box-sizing: border-box; color: rgb(89, 89, 90); text-shadow: none;"/>6.1 09分44秒<br/>6.2 25分16秒<br/>6.3 8分11秒</p><p style="background-attachment: scroll; background-clip: border-box; background-color: transparent; background-image: none; background-origin: padding-box; background-position-x: 0%; background-position-y: 0%; background-repeat: repeat; background-size: auto; box-sizing: border-box; color: rgb(89, 89, 90); font-family: &amp;quot;宋体&amp;quot;,&amp;quot;Open Sans&amp;quot;,&amp;quot;Helvetica Neue&amp;quot;,Helvetica,Arial,sans-serif; font-size: 13px; font-style: normal; font-variant: normal; font-weight: 400; letter-spacing: normal; margin-bottom: 10px; margin-left: 0px; margin-right: 0px; margin-top: 0px; orphans: 2; text-align: left; text-decoration: none; text-indent: 0px; text-shadow: none; text-transform: none; -webkit-text-stroke-width: 0px; white-space: normal; word-spacing: 0px;">共计约 44分钟</p><p style="background-attachment: scroll; background-clip: border-box; background-color: transparent; background-image: none; background-origin: padding-box; background-position-x: 0%; background-position-y: 0%; background-repeat: repeat; background-size: auto; box-sizing: border-box; color: rgb(89, 89, 90); font-family: &amp;quot;宋体&amp;quot;,&amp;quot;Open Sans&amp;quot;,&amp;quot;Helvetica Neue&amp;quot;,Helvetica,Arial,sans-serif; font-size: 13px; font-style: normal; font-variant: normal; font-weight: 400; letter-spacing: normal; margin-bottom: 10px; margin-left: 0px; margin-right: 0px; margin-top: 0px; orphans: 2; text-align: left; text-decoration: none; text-indent: 0px; text-shadow: none; text-transform: none; -webkit-text-stroke-width: 0px; white-space: normal; word-spacing: 0px;">需要交付的内容为每个视频对应的SRT字幕文件，共计3个。</p><p><br/></p>', 1524827878, 0, 3, '', 0, '9fcc93075c954775a0f4438a0bdb37e8', 1524828024, 0, 1525449658, 1, '无');
# INSERT INTO xm_task (id, taskname, category, award, designnum, author, endtime, firstcommit, info, content, publishAt, readnum, location, fileurl, disabled, opBy, opAt, delFlag, applyendtime, status, original_order) VALUES ('rws_yy01012018042719', '《运筹学》在线视频课程解说字幕 第5章', '5b4c150907db4ed2a7d17b99f1621b7c', 192, 1, 'gyb201807', 1526313603, 1525881603, '任务明细:
# 1找出视频剪辑中的错误，并反馈给项目经理
# 2完成每个视频的中文字幕制作，并生成SRT文件。
# 共计约 64分钟。需要交付的内容为每个视频对应的SRT字幕文件，共计4个。', '<p style="background-attachment: scroll; background-clip: border-box; background-color: transparent; background-image: none; background-origin: padding-box; background-position-x: 0%; background-position-y: 0%; background-repeat: repeat; background-size: auto; box-sizing: border-box; color: rgb(89, 89, 90); font-family: &amp;quot;宋体&amp;quot;,&amp;quot;Open Sans&amp;quot;,&amp;quot;Helvetica Neue&amp;quot;,Helvetica,Arial,sans-serif; font-size: 13px; font-style: normal; font-variant: normal; font-weight: 400; letter-spacing: normal; margin-bottom: 10px; margin-left: 0px; margin-right: 0px; margin-top: 0px; orphans: 2; text-align: left; text-decoration: none; text-indent: 0px; text-shadow: none; text-transform: none; -webkit-text-stroke-width: 0px; white-space: normal; word-spacing: 0px;" helvetica="" open="">任务明细:<br style="background-attachment: scroll; background-clip: border-box; background-color: transparent; background-image: none; background-origin: padding-box; background-position-x: 0%; background-position-y: 0%; background-repeat: repeat; background-size: auto; box-sizing: border-box; color: rgb(89, 89, 90); text-shadow: none;"/>1找出视频剪辑中的错误，并反馈给项目经理<br style="background-attachment: scroll; background-clip: border-box; background-color: transparent; background-image: none; background-origin: padding-box; background-position-x: 0%; background-position-y: 0%; background-repeat: repeat; background-size: auto; box-sizing: border-box; color: rgb(89, 89, 90); text-shadow: none;"/>2完成每个视频的中文字幕制作，并生成SRT文件。</p><p style="background-attachment: scroll; background-clip: border-box; background-color: transparent; background-image: none; background-origin: padding-box; background-position-x: 0%; background-position-y: 0%; background-repeat: repeat; background-size: auto; box-sizing: border-box; color: rgb(89, 89, 90); font-family: &amp;quot;宋体&amp;quot;,&amp;quot;Open Sans&amp;quot;,&amp;quot;Helvetica Neue&amp;quot;,Helvetica,Arial,sans-serif; font-size: 13px; font-style: normal; font-variant: normal; font-weight: 400; letter-spacing: normal; margin-bottom: 10px; margin-left: 0px; margin-right: 0px; margin-top: 0px; orphans: 2; text-align: left; text-decoration: none; text-indent: 0px; text-shadow: none; text-transform: none; -webkit-text-stroke-width: 0px; white-space: normal; word-spacing: 0px;" helvetica="" open="">视频目录<br style="background-attachment: scroll; background-clip: border-box; background-color: transparent; background-image: none; background-origin: padding-box; background-position-x: 0%; background-position-y: 0%; background-repeat: repeat; background-size: auto; box-sizing: border-box; color: rgb(89, 89, 90); text-shadow: none;"/>5.1&nbsp; 15分39秒<br style="background-attachment: scroll; background-clip: border-box; background-color: transparent; background-image: none; background-origin: padding-box; background-position-x: 0%; background-position-y: 0%; background-repeat: repeat; background-size: auto; box-sizing: border-box; color: rgb(89, 89, 90); text-shadow: none;"/>5.2P1 15分46秒<br style="background-attachment: scroll; background-clip: border-box; background-color: transparent; background-image: none; background-origin: padding-box; background-position-x: 0%; background-position-y: 0%; background-repeat: repeat; background-size: auto; box-sizing: border-box; color: rgb(89, 89, 90); text-shadow: none;"/>5.2P2 18分24秒<br style="background-attachment: scroll; background-clip: border-box; background-color: transparent; background-image: none; background-origin: padding-box; background-position-x: 0%; background-position-y: 0%; background-repeat: repeat; background-size: auto; box-sizing: border-box; color: rgb(89, 89, 90); text-shadow: none;"/>5.3&nbsp; 13分55秒</p><p style="background-attachment: scroll; background-clip: border-box; background-color: transparent; background-image: none; background-origin: padding-box; background-position-x: 0%; background-position-y: 0%; background-repeat: repeat; background-size: auto; box-sizing: border-box; color: rgb(89, 89, 90); font-family: &amp;quot;宋体&amp;quot;,&amp;quot;Open Sans&amp;quot;,&amp;quot;Helvetica Neue&amp;quot;,Helvetica,Arial,sans-serif; font-size: 13px; font-style: normal; font-variant: normal; font-weight: 400; letter-spacing: normal; margin-bottom: 10px; margin-left: 0px; margin-right: 0px; margin-top: 0px; orphans: 2; text-align: left; text-decoration: none; text-indent: 0px; text-shadow: none; text-transform: none; -webkit-text-stroke-width: 0px; white-space: normal; word-spacing: 0px;" helvetica="" open="">共计约 64分钟</p><p style="background-attachment: scroll; background-clip: border-box; background-color: transparent; background-image: none; background-origin: padding-box; background-position-x: 0%; background-position-y: 0%; background-repeat: repeat; background-size: auto; box-sizing: border-box; color: rgb(89, 89, 90); font-family: &amp;quot;宋体&amp;quot;,&amp;quot;Open Sans&amp;quot;,&amp;quot;Helvetica Neue&amp;quot;,Helvetica,Arial,sans-serif; font-size: 13px; font-style: normal; font-variant: normal; font-weight: 400; letter-spacing: normal; margin-bottom: 10px; margin-left: 0px; margin-right: 0px; margin-top: 0px; orphans: 2; text-align: left; text-decoration: none; text-indent: 0px; text-shadow: none; text-transform: none; -webkit-text-stroke-width: 0px; white-space: normal; word-spacing: 0px;" helvetica="" open="">需要交付的内容为每个视频对应的SRT字幕文件，共计4个。</p><p><br/></p>', 1524828783, 0, 3, '', 0, '9fcc93075c954775a0f4438a0bdb37e8', 1524828897, 0, 1525449603, 1, '无');
# INSERT INTO xm_task (id, taskname, category, award, designnum, author, endtime, firstcommit, info, content, publishAt, readnum, location, fileurl, disabled, opBy, opAt, delFlag, applyendtime, status, original_order) VALUES ('rws_yy022018042718', '【微课】《管理会计》剪辑', 'b7af4be5f70b457eb78665f235c5d45a', 1950, 1, 'gyb201814', 1525607130, 1525520730, '《管理会计》按照课程安排，共计39集，每集按照RMB50元计算酬劳。', '<p>《管理会计》按照课程安排，共计39集，每集按照RMB50元计算酬劳。</p>', 1524829530, 0, 3, '', 0, 'c33599ea7f8a4d33a9d39f53966e1b54', 1524829654, 0, 1525434330, 3, '64003146');



######### insert sys_userinf
# INSERT INTO sys_userinf (id, userid, realname, qq, phone, birthday, sex, status, opBy, opAt, delFlag) VALUES ('gyb201800', '405a28c9389d4a8581a29c283dc9f5b9', '刘尚楠', '897920245', '13277085517', 1515600000, 0, 0, '405a28c9389d4a8581a29c283dc9f5b9', 1523682604, 0);
# INSERT INTO sys_userinf (id, userid, realname, qq, phone, birthday, sex, status, opBy, opAt, delFlag) VALUES ('gyb201805', '8bd50fa4cc8f48e6985f1219b268c569', '龚禄韬', '123', '123', 1517068800, 0, 0, '405a28c9389d4a8581a29c283dc9f5b9', 1517794451, 0);
# INSERT INTO sys_userinf (id, userid, realname, qq, phone, birthday, sex, status, opBy, opAt, delFlag) VALUES ('gyb201806', 'f915253b7a934e58ae11e0f31e20b0cf', '杨帆', '1683355147', '18186464149', 1517068800, 0, 0, '405a28c9389d4a8581a29c283dc9f5b9', 1519623762, 0);
# INSERT INTO sys_userinf (id, userid, realname, qq, phone, birthday, sex, status, opBy, opAt, delFlag) VALUES ('gyb201807', '9fcc93075c954775a0f4438a0bdb37e8', '周江', '376304265', '15527911528', 1517846400, 0, 0, '405a28c9389d4a8581a29c283dc9f5b9', 1517898728, 0);
# INSERT INTO sys_userinf (id, userid, realname, qq, phone, birthday, sex, status, opBy, opAt, delFlag) VALUES ('gyb201811', 'ce95c37f5b8f4f96a86c2f7a994745bb', '侯兆', '897920245@qq.com', '15927448761', 1515513600, 1, 0, '405a28c9389d4a8581a29c283dc9f5b9', 1515596030, 0);
# INSERT INTO sys_userinf (id, userid, realname, qq, phone, birthday, sex, status, opBy, opAt, delFlag) VALUES ('gyb201812', 'ad568f6d8664438eb6dfecbc13b05f14', '万紫荆', '123', '123', 1517068800, 1, 0, '405a28c9389d4a8581a29c283dc9f5b9', 1517107058, 0);
# INSERT INTO sys_userinf (id, userid, realname, qq, phone, birthday, sex, status, opBy, opAt, delFlag) VALUES ('gyb201813', '86c8b39f3e0d4f519f24f9fb09ed32a5', '涂倩格', '123', '123', 1517068800, 1, 0, '405a28c9389d4a8581a29c283dc9f5b9', 1517108932, 0);
# INSERT INTO sys_userinf (id, userid, realname, qq, phone, birthday, sex, status, opBy, opAt, delFlag) VALUES ('gyb201814', 'c33599ea7f8a4d33a9d39f53966e1b54', '曹舒楠', '784868083', '17671670839', 1517068800, 1, 0, 'c33599ea7f8a4d33a9d39f53966e1b54', 1517551112, 0);


########## insert xm_apply
# INSERT INTO xm_apply (id, gyid, xmtaskid, at, status, note, opBy, opAt, delFlag) VALUES ('applykf012018020641', 'gy18039', 'rws_kf01201802064', 1520590737, 1, null, 'gyb201800', 1520593018, 0);
# INSERT INTO xm_apply (id, gyid, xmtaskid, at, status, note, opBy, opAt, delFlag) VALUES ('applykf02022018032361', 'gy18025', 'rws_kf0202201803236', 1521780033, 1, null, 'gyb201807', 1521780251, 0);
# INSERT INTO xm_apply (id, gyid, xmtaskid, at, status, note, opBy, opAt, delFlag) VALUES ('applykf022018020651', 'gy18011', 'rws_kf02201802065', 1520585255, 1, null, 'gyb201807', 1520608210, 0);
# INSERT INTO xm_apply (id, gyid, xmtaskid, at, status, note, opBy, opAt, delFlag) VALUES ('applysj01032018032891', 'gy180317', 'rws_sj0103201803289', 1522240162, 1, null, 'gyb201812', 1522244197, 0);
# INSERT INTO xm_apply (id, gyid, xmtaskid, at, status, note, opBy, opAt, delFlag) VALUES ('applysj010320180330111', 'gy180318', 'rws_sj01032018033011', 1522409335, 1, null, 'gyb201812', 1522411470, 0);
# INSERT INTO xm_apply (id, gyid, xmtaskid, at, status, note, opBy, opAt, delFlag) VALUES ('applysj01092018032881', 'gy180367', 'rws_sj0109201803288', 1522239659, 1, null, 'gyb201812', 1522239871, 0);
# INSERT INTO xm_apply (id, gyid, xmtaskid, at, status, note, opBy, opAt, delFlag) VALUES ('applysj0120180402121', 'gy18027', 'rws_sj012018040212', 1522649811, 1, null, 'gyb201812', 1522649878, 0);
# INSERT INTO xm_apply (id, gyid, xmtaskid, at, status, note, opBy, opAt, delFlag) VALUES ('applysj0220180328111', 'gy180339', 'rws_sj022018032811', 1522248756, 1, null, 'gyb201814', 1522248892, 0);
# INSERT INTO xm_apply (id, gyid, xmtaskid, at, status, note, opBy, opAt, delFlag) VALUES ('applysj03022018020661', 'gy18027', 'rws_sj0302201802066', 1518247699, 1, null, 'gyb201800', 1518350329, 0);
# INSERT INTO xm_apply (id, gyid, xmtaskid, at, status, note, opBy, opAt, delFlag) VALUES ('applysj03032018013101', 'gy18013', 'rws_sj0303201801310', 1517968717, 1, null, 'gyb201800', 1518350383, 0);
# INSERT INTO xm_apply (id, gyid, xmtaskid, at, status, note, opBy, opAt, delFlag) VALUES ('applysj03032018013111', 'gy18012', 'rws_sj0303201801311', 1517971017, 1, null, 'gyb201800', 1518350386, 0);
# INSERT INTO xm_apply (id, gyid, xmtaskid, at, status, note, opBy, opAt, delFlag) VALUES ('applysj2018020121', 'gy201810497006', 'rws_sj201802012', 1517573815, 1, null, 'gyb201800', 1517573993, 0);
# INSERT INTO xm_apply (id, gyid, xmtaskid, at, status, note, opBy, opAt, delFlag) VALUES ('applysj2018020231', 'gy18025', 'rws_sj201802023', 1517554507, 1, null, 'gyb201814', 1517554914, 0);
# INSERT INTO xm_apply (id, gyid, xmtaskid, at, status, note, opBy, opAt, delFlag) VALUES ('applyyy01012018032571', 'gy180396', 'rws_yy0101201803257', 1521943606, 1, null, 'gyb201807', 1521944635, 0);
# INSERT INTO xm_apply (id, gyid, xmtaskid, at, status, note, opBy, opAt, delFlag) VALUES ('applyyy010120180403131', 'gy180454', 'rws_yy01012018040313', 1522820126, 1, null, 'gyb201807', 1522820273, 0);
# INSERT INTO xm_apply (id, gyid, xmtaskid, at, status, note, opBy, opAt, delFlag) VALUES ('applyyy010120180427151', 'gy180363', 'rws_yy01012018042715', 1524840004, 1, null, 'gyb201807', 1524840107, 0);
# INSERT INTO xm_apply (id, gyid, xmtaskid, at, status, note, opBy, opAt, delFlag) VALUES ('applyyy0220180427181', 'gy180433', 'rws_yy022018042718', 1524840687, 1, null, 'gyb201814', 1524895679, 0);



############### insert xm_inf
# INSERT INTO xm_inf (id, gyid, xmtaskid, at, status, note, opBy, opAt, delFlag) VALUES ('rw_kf012018020649', 'gy18039', 'rws_kf01201802064', 1520593018, 3, null, '405a28c9389d4a8581a29c283dc9f5b9', 1520593018, 0);
# INSERT INTO xm_inf (id, gyid, xmtaskid, at, status, note, opBy, opAt, delFlag) VALUES ('rw_kf02022018032366', 'gy18025', 'rws_kf0202201803236', 1521780251, 3, null, '9fcc93075c954775a0f4438a0bdb37e8', 1521780251, 0);
# INSERT INTO xm_inf (id, gyid, xmtaskid, at, status, note, opBy, opAt, delFlag) VALUES ('rw_kf022018020656', 'gy18011', 'rws_kf02201802065', 1520608210, 3, null, '9fcc93075c954775a0f4438a0bdb37e8', 1520608210, 0);
# INSERT INTO xm_inf (id, gyid, xmtaskid, at, status, note, opBy, opAt, delFlag) VALUES ('rw_sj010320180328910', 'gy180317', 'rws_sj0103201803289', 1522244197, 0, null, 'ad568f6d8664438eb6dfecbc13b05f14', 1522244197, 0);
# INSERT INTO xm_inf (id, gyid, xmtaskid, at, status, note, opBy, opAt, delFlag) VALUES ('rw_sj0103201803301112', 'gy180318', 'rws_sj01032018033011', 1522411470, 0, null, 'ad568f6d8664438eb6dfecbc13b05f14', 1522411470, 0);
# INSERT INTO xm_inf (id, gyid, xmtaskid, at, status, note, opBy, opAt, delFlag) VALUES ('rw_sj010920180328810', 'gy180367', 'rws_sj0109201803288', 1522239871, 0, null, 'ad568f6d8664438eb6dfecbc13b05f14', 1522239871, 0);
# INSERT INTO xm_inf (id, gyid, xmtaskid, at, status, note, opBy, opAt, delFlag) VALUES ('rw_sj01201804021213', 'gy18027', 'rws_sj012018040212', 1522649878, 0, null, 'ad568f6d8664438eb6dfecbc13b05f14', 1522649878, 0);
# INSERT INTO xm_inf (id, gyid, xmtaskid, at, status, note, opBy, opAt, delFlag) VALUES ('rw_sj02201803281111', 'gy180339', 'rws_sj022018032811', 1522248892, 3, null, 'c33599ea7f8a4d33a9d39f53966e1b54', 1522248892, 0);
# INSERT INTO xm_inf (id, gyid, xmtaskid, at, status, note, opBy, opAt, delFlag) VALUES ('rw_sj03022018020666', 'gy18027', 'rws_sj0302201802066', 1518350329, 3, null, '405a28c9389d4a8581a29c283dc9f5b9', 1518350329, 0);
# INSERT INTO xm_inf (id, gyid, xmtaskid, at, status, note, opBy, opAt, delFlag) VALUES ('rw_sj03032018013106', 'gy18013', 'rws_sj0303201801310', 1518350383, 0, null, '405a28c9389d4a8581a29c283dc9f5b9', 1518350383, 0);
# INSERT INTO xm_inf (id, gyid, xmtaskid, at, status, note, opBy, opAt, delFlag) VALUES ('rw_sj03032018013116', 'gy18012', 'rws_sj0303201801311', 1518350386, 0, null, '405a28c9389d4a8581a29c283dc9f5b9', 1518350386, 0);
# INSERT INTO xm_inf (id, gyid, xmtaskid, at, status, note, opBy, opAt, delFlag) VALUES ('rw_sj2018020124', 'gy201810497006', 'rws_sj201802012', 1517573993, 3, null, '405a28c9389d4a8581a29c283dc9f5b9', 1517573993, 0);
# INSERT INTO xm_inf (id, gyid, xmtaskid, at, status, note, opBy, opAt, delFlag) VALUES ('rw_sj2018020234', 'gy18025', 'rws_sj201802023', 1517554914, 3, null, 'c33599ea7f8a4d33a9d39f53966e1b54', 1517554914, 0);
# INSERT INTO xm_inf (id, gyid, xmtaskid, at, status, note, opBy, opAt, delFlag) VALUES ('rw_yy01012018032578', 'gy180396', 'rws_yy0101201803257', 1521944635, 3, null, '9fcc93075c954775a0f4438a0bdb37e8', 1521944635, 0);
# INSERT INTO xm_inf (id, gyid, xmtaskid, at, status, note, opBy, opAt, delFlag) VALUES ('rw_yy0101201804031314', 'gy180454', 'rws_yy01012018040313', 1522820273, 0, null, '9fcc93075c954775a0f4438a0bdb37e8', 1522820273, 0);
# INSERT INTO xm_inf (id, gyid, xmtaskid, at, status, note, opBy, opAt, delFlag) VALUES ('rw_yy0101201804271519', 'gy180363', 'rws_yy01012018042715', 1524840107, 0, null, '9fcc93075c954775a0f4438a0bdb37e8', 1524840107, 0);
# INSERT INTO xm_inf (id, gyid, xmtaskid, at, status, note, opBy, opAt, delFlag) VALUES ('rw_yy02201804271819', 'gy180433', 'rws_yy022018042718', 1524895679, 3, null, 'c33599ea7f8a4d33a9d39f53966e1b54', 1524895679, 0);


######## insert xm_feedback
# INSERT INTO xm_feedback (id, parentid, code, xminfid, at, fileurl, note, gyid, nextcommit, reply, status, opBy, opAt, delFlag) VALUES (25, 0, 'fk_sj2018020124_0', 'rw_sj2018020124', 1517574407, '', '<p>zxc</p>', 'gy201810497006', 1517577989, '<p>zxc<br/></p>', 3, 'gyb201800', 1517578069, 0);
# INSERT INTO xm_feedback (id, parentid, code, xminfid, at, fileurl, note, gyid, nextcommit, reply, status, opBy, opAt, delFlag) VALUES (26, 25, 'fk_sj2018020124_1', 'rw_sj2018020124', 1517578221, '', '<p>sd<br/></p>', 'gy201810497006', 1517578287, '<p>zxc</p>', 4, 'gyb201800', 1517578290, 0);
# INSERT INTO xm_feedback (id, parentid, code, xminfid, at, fileurl, note, gyid, nextcommit, reply, status, opBy, opAt, delFlag) VALUES (27, 0, 'fk_sj2018020234_0', 'rw_sj2018020234', 1518445520, '', '<p>链接: https://pan.baidu.com/s/1jJBggYy 密码: c879</p>', 'gy18025', 0, ' ', 3, '035918003c1d4a85be7050a23b9c8b80', 1518445520, 0);
# INSERT INTO xm_feedback (id, parentid, code, xminfid, at, fileurl, note, gyid, nextcommit, reply, status, opBy, opAt, delFlag) VALUES (28, 0, 'fk_kf012018020649_0', 'rw_kf012018020649', 1520594012, '', '<p>https://github.com/sushoucanyuan/ruihua-website</p>', 'gy18039', 1520596779, '<p>提前预付 后续有需要时再修改</p>', 4, 'gyb201807', 1520596877, 0);
# INSERT INTO xm_feedback (id, parentid, code, xminfid, at, fileurl, note, gyid, nextcommit, reply, status, opBy, opAt, delFlag) VALUES (29, 0, 'fk_sj03022018020666_0', 'rw_sj03022018020666', 1520604379, '', '<p><br/></p><p>文件已上传至百度网盘</p><p><br/></p><p>链接: https://pan.baidu.com/s/1AXYSP5cI0hhuYiBhavjRLA&nbsp;</p><p>密码: 2w8h</p>', 'gy18027', 1520606554, ' 设计已经完稿', 4, 'gyb201807', 1520606567, 0);
# INSERT INTO xm_feedback (id, parentid, code, xminfid, at, fileurl, note, gyid, nextcommit, reply, status, opBy, opAt, delFlag) VALUES (30, 0, 'fk_kf022018020656_0', 'rw_kf022018020656', 1520608364, '', '<p><a href="http://www.rivogroup.cn/#/home" _src="http://www.rivogroup.cn/#/home">http://www.rivogroup.cn</a></p><p><a href="http://admin.rivogroup.cn/sysadmin" _src="http://admin.rivogroup.cn/sysadmin">http://admin.rivogroup.cn/sysadmin</a> </p><p><br/></p>', 'gy18011', 1520609512, '<p>已经基本完成开发</p>', 4, 'gyb201807', 1520609524, 0);
# INSERT INTO xm_feedback (id, parentid, code, xminfid, at, fileurl, note, gyid, nextcommit, reply, status, opBy, opAt, delFlag) VALUES (31, 0, 'fk_kf02022018032366_0', 'rw_kf02022018032366', 1521780447, '', '<p>詹天佑更改包括但不限于：<br/></p><p>新增：</p><p>&nbsp; 重点新增图文群发</p><p>&nbsp; 图片群发</p><p>&nbsp; 文本群发等</p><p>修复：</p><p>&nbsp; 重点修复秀米编辑器图片丢失问题</p><p>&nbsp; 文章类别选择后关闭重开错位</p><p>&nbsp; 留言类别选择后关闭重开错位</p><p>&nbsp; 各个列表换页失败</p><p>&nbsp; 微信公众号原网站链接失效等</p><p>优化：</p><p>&nbsp; 留言加上验证码</p><p>&nbsp; 活动报名加上验证码</p><p>&nbsp; 各列表加入删除</p><p>&nbsp; 各列表加入查看详情等</p><p>&nbsp; 活动提交之后可群发该活动</p><p>&nbsp; 活动列表可查看报名信息</p><p>&nbsp; 报名根据微信oauth新增地点昵称等信息</p><p>&nbsp; 活动报名页面优化</p><p>&nbsp; 页面布局大小优化等</p><p>&nbsp;</p>', 'gy18025', 1521780658, '<p>已经完成任务书全部要求</p>', 4, 'gyb201807', 1521780676, 0);
# INSERT INTO xm_feedback (id, parentid, code, xminfid, at, fileurl, note, gyid, nextcommit, reply, status, opBy, opAt, delFlag) VALUES (32, 0, 'fk_sj010920180328810_0', 'rw_sj010920180328810', 1522240421, '/upload/file/20180328/e0ef56b8114956f.jpg', '', 'gy180367', 0, ' ', 1, 'cabef2b178e8472bb4cc79ba1dbb3ab5', 1522240421, 0);
# INSERT INTO xm_feedback (id, parentid, code, xminfid, at, fileurl, note, gyid, nextcommit, reply, status, opBy, opAt, delFlag) VALUES (33, 0, 'fk_sj010320180328910_0', 'rw_sj010320180328910', 1522287932, '', '', 'gy180317', 0, ' ', 1, '3d387e14ca1c48b28dbc98062b13fe1f', 1522287932, 0);
# INSERT INTO xm_feedback (id, parentid, code, xminfid, at, fileurl, note, gyid, nextcommit, reply, status, opBy, opAt, delFlag) VALUES (34, 0, 'fk_sj02201803281111_0', 'rw_sj02201803281111', 1522324992, '/upload/file/20180329/1第1讲 计算机会计及其产生发展1.pptx', '', 'gy180339', 1522483905, ' ', 3, 'gyb201814', 1522483909, 0);
# INSERT INTO xm_feedback (id, parentid, code, xminfid, at, fileurl, note, gyid, nextcommit, reply, status, opBy, opAt, delFlag) VALUES (35, 0, 'fk_sj0103201803301112_0', 'rw_sj0103201803301112', 1522411575, '', '', 'gy180318', 0, ' ', 1, 'f78c7ce2ab4746d9b4a868f2efb0a427', 1522411575, 0);
# INSERT INTO xm_feedback (id, parentid, code, xminfid, at, fileurl, note, gyid, nextcommit, reply, status, opBy, opAt, delFlag) VALUES (36, 34, 'fk_sj02201803281111_1', 'rw_sj02201803281111', 1522490835, '/upload/file/20180331/初稿.zip', '', 'gy180339', 0, ' ', 3, '031915ac95a34641a6b12390de32a9aa', 1522490835, 0);
# INSERT INTO xm_feedback (id, parentid, code, xminfid, at, fileurl, note, gyid, nextcommit, reply, status, opBy, opAt, delFlag) VALUES (37, 0, 'fk_sj01201804021213_0', 'rw_sj01201804021213', 1522650110, '', '', 'gy18027', 0, ' ', 0, '517e59bf2d4d4188a4653fee341d9f4a', 1522650110, 0);
# INSERT INTO xm_feedback (id, parentid, code, xminfid, at, fileurl, note, gyid, nextcommit, reply, status, opBy, opAt, delFlag) VALUES (38, 0, 'fk_yy01012018032578_0', 'rw_yy01012018032578', 1523710017, '/upload/file/20180414/字幕.zip', '<p>发现剪辑错误3个</p>', 'gy180396', 1524044005, '<p>发现3个剪辑错误&nbsp;</p>', 4, 'gyb201807', 1524044021, 0);
# INSERT INTO xm_feedback (id, parentid, code, xminfid, at, fileurl, note, gyid, nextcommit, reply, status, opBy, opAt, delFlag) VALUES (39, 0, 'fk_yy02201804271819_0', 'rw_yy02201804271819', 1524910438, '', '<p>链接:<a href="https://pan.baidu.com/s/1eo1QgJq_tTWKoLR23OyhjA" target="_blank" title="剪辑完成">https://pan.baidu.com/s/1eo1QgJq_tTWKoLR23OyhjA</a> &nbsp;</p><p><br/></p><p>密码:y0li</p>', 'gy180433', 0, ' ', 3, 'f38c02d0d7214f94a4324d22c1862cf0', 1524910438, 0);

######## insert xm_eva
# INSERT INTO xm_evaluation (id, xminfid, grade, note, at, opBy, opAt, delFlag) VALUES ('eva_kf012018020649', 'rw_kf012018020649', 90.0000000000, '该雇员理解能力强，效率较高，开发水平较强.有时候需要加强沟通，总体好评。', 1520596995, '9fcc93075c954775a0f4438a0bdb37e8', 1520596995, 0);
# INSERT INTO xm_evaluation (id, xminfid, grade, note, at, opBy, opAt, delFlag) VALUES ('eva_kf02022018032366', 'rw_kf02022018032366', 90.0000000000, '效率较高，学习能力强，开发能力强。', 1521780705, '9fcc93075c954775a0f4438a0bdb37e8', 1521780705, 0);
# INSERT INTO xm_evaluation (id, xminfid, grade, note, at, opBy, opAt, delFlag) VALUES ('eva_kf022018020656', 'rw_kf022018020656', 95.0000000000, '开发得短平快，就是UI细节需要注意。', 1520609680, '9fcc93075c954775a0f4438a0bdb37e8', 1520609680, 0);
# INSERT INTO xm_evaluation (id, xminfid, grade, note, at, opBy, opAt, delFlag) VALUES ('eva_sj02201803281111', 'rw_sj02201803281111', 0.0000000000, '', 1525155933, 'c33599ea7f8a4d33a9d39f53966e1b54', 1525155933, 0);
# INSERT INTO xm_evaluation (id, xminfid, grade, note, at, opBy, opAt, delFlag) VALUES ('eva_sj03022018020666', 'rw_sj03022018020666', 95.0000000000, '切图快速准确', 1520606648, '9fcc93075c954775a0f4438a0bdb37e8', 1520606648, 0);
# INSERT INTO xm_evaluation (id, xminfid, grade, note, at, opBy, opAt, delFlag) VALUES ('eva_sj2018020124', 'rw_sj2018020124', 100.0000000000, 'zxc', 1517579676, '405a28c9389d4a8581a29c283dc9f5b9', 1517579676, 0);
# INSERT INTO xm_evaluation (id, xminfid, grade, note, at, opBy, opAt, delFlag) VALUES ('eva_sj2018020234', 'rw_sj2018020234', 90.0000000000, '', 1518609918, 'c33599ea7f8a4d33a9d39f53966e1b54', 1518609918, 0);
# INSERT INTO xm_evaluation (id, xminfid, grade, note, at, opBy, opAt, delFlag) VALUES ('eva_yy01012018032578', 'rw_yy01012018032578', 90.0000000000, '能够按照要求完成！', 1524044112, '9fcc93075c954775a0f4438a0bdb37e8', 1524044112, 0);
# INSERT INTO xm_evaluation (id, xminfid, grade, note, at, opBy, opAt, delFlag) VALUES ('eva_yy02201804271819', 'rw_yy02201804271819', 0.0000000000, '', 1525155885, 'c33599ea7f8a4d33a9d39f53966e1b54', 1525155885, 0);

######## insert xm_bill
# INSERT INTO xm_bill (id, xminfid, gypayid, realgypayid, prepaysum, paysum, note, payby, at, opBy, opAt, delFlag, status) VALUES ('bill_kf012018020649', 'rw_kf012018020649', 'de2380adee574544859d137bf050d5f4', 'de2380adee574544859d137bf050d5f4', 0, 2500, '', 'gyb201811', 1520613390, '405a28c9389d4a8581a29c283dc9f5b9', 1520593018, 0, 3);
# INSERT INTO xm_bill (id, xminfid, gypayid, realgypayid, prepaysum, paysum, note, payby, at, opBy, opAt, delFlag, status) VALUES ('bill_kf02022018032366', 'rw_kf02022018032366', '06cfccfde0d442a099f58d007b7a95ae', '06cfccfde0d442a099f58d007b7a95ae', 0, 300, '', 'gyb201811', 1521781907, '9fcc93075c954775a0f4438a0bdb37e8', 1521780251, 0, 3);
# INSERT INTO xm_bill (id, xminfid, gypayid, realgypayid, prepaysum, paysum, note, payby, at, opBy, opAt, delFlag, status) VALUES ('bill_kf022018020656', 'rw_kf022018020656', '31a99e732a8448e7a3ca5e7fec93774b', '31a99e732a8448e7a3ca5e7fec93774b', 0, 2000, '立即付款，支付宝', 'gyb201811', 1520613372, '9fcc93075c954775a0f4438a0bdb37e8', 1520608210, 0, 3);
# INSERT INTO xm_bill (id, xminfid, gypayid, realgypayid, prepaysum, paysum, note, payby, at, opBy, opAt, delFlag, status) VALUES ('bill_sj010320180328910', 'rw_sj010320180328910', null, null, 0, 150, null, null, 0, 'ad568f6d8664438eb6dfecbc13b05f14', 1522244197, 0, 0);
# INSERT INTO xm_bill (id, xminfid, gypayid, realgypayid, prepaysum, paysum, note, payby, at, opBy, opAt, delFlag, status) VALUES ('bill_sj0103201803301112', 'rw_sj0103201803301112', null, null, 0, 80, null, null, 0, 'ad568f6d8664438eb6dfecbc13b05f14', 1522411470, 0, 0);
# INSERT INTO xm_bill (id, xminfid, gypayid, realgypayid, prepaysum, paysum, note, payby, at, opBy, opAt, delFlag, status) VALUES ('bill_sj010920180328810', 'rw_sj010920180328810', null, null, 0, 700, null, null, 0, 'ad568f6d8664438eb6dfecbc13b05f14', 1522239871, 0, 0);
# INSERT INTO xm_bill (id, xminfid, gypayid, realgypayid, prepaysum, paysum, note, payby, at, opBy, opAt, delFlag, status) VALUES ('bill_sj01201804021213', 'rw_sj01201804021213', null, null, 0, 0, null, null, 0, 'ad568f6d8664438eb6dfecbc13b05f14', 1522649878, 0, 0);
# INSERT INTO xm_bill (id, xminfid, gypayid, realgypayid, prepaysum, paysum, note, payby, at, opBy, opAt, delFlag, status) VALUES ('bill_sj02201803281111', 'rw_sj02201803281111', '850f0704d1c04d2d98442c2c6f07c2dc', '850f0704d1c04d2d98442c2c6f07c2dc', 0, 300, '原定250，任务补充后结算金额更新为300', null, 1525157220, 'c33599ea7f8a4d33a9d39f53966e1b54', 1522248892, 0, 2);
# INSERT INTO xm_bill (id, xminfid, gypayid, realgypayid, prepaysum, paysum, note, payby, at, opBy, opAt, delFlag, status) VALUES ('bill_sj03022018020666', 'rw_sj03022018020666', '586cd3afa7ae4c98a83658dbca7447f7', '586cd3afa7ae4c98a83658dbca7447f7', 0, 500, '直接结算付款', 'gyb201811', 1520608749, '405a28c9389d4a8581a29c283dc9f5b9', 1518350329, 0, 3);
# INSERT INTO xm_bill (id, xminfid, gypayid, realgypayid, prepaysum, paysum, note, payby, at, opBy, opAt, delFlag, status) VALUES ('bill_sj03032018013106', 'rw_sj03032018013106', null, null, 0, 1200, null, null, 0, '405a28c9389d4a8581a29c283dc9f5b9', 1518350383, 0, 0);
# INSERT INTO xm_bill (id, xminfid, gypayid, realgypayid, prepaysum, paysum, note, payby, at, opBy, opAt, delFlag, status) VALUES ('bill_sj03032018013116', 'rw_sj03032018013116', null, null, 0, 1200, null, null, 0, '405a28c9389d4a8581a29c283dc9f5b9', 1518350386, 0, 0);
# INSERT INTO xm_bill (id, xminfid, gypayid, realgypayid, prepaysum, paysum, note, payby, at, opBy, opAt, delFlag, status) VALUES ('bill_sj2018020124', 'rw_sj2018020124', '553833b08b524e8a912b4d9802fd6939', 'b4be1405bffe4b1b98c4a2d1e0b05457', 0, 100, '123', 'gyb201800', 1517583967, '405a28c9389d4a8581a29c283dc9f5b9', 1517573993, 0, 3);
# INSERT INTO xm_bill (id, xminfid, gypayid, realgypayid, prepaysum, paysum, note, payby, at, opBy, opAt, delFlag, status) VALUES ('bill_sj2018020234', 'rw_sj2018020234', '06cfccfde0d442a099f58d007b7a95ae', '06cfccfde0d442a099f58d007b7a95ae', 0, 4710, '¥30*137张+¥600（餐补交通补助）', 'gyb201800', 1522684602, 'c33599ea7f8a4d33a9d39f53966e1b54', 1517554914, 0, 3);
# INSERT INTO xm_bill (id, xminfid, gypayid, realgypayid, prepaysum, paysum, note, payby, at, opBy, opAt, delFlag, status) VALUES ('bill_yy01012018032578', 'rw_yy01012018032578', '006e2c8f2199441d89c19cd42c33aaec', '006e2c8f2199441d89c19cd42c33aaec', 0, 450, '', 'gyb201811', 1524044380, '9fcc93075c954775a0f4438a0bdb37e8', 1521944635, 0, 3);
# INSERT INTO xm_bill (id, xminfid, gypayid, realgypayid, prepaysum, paysum, note, payby, at, opBy, opAt, delFlag, status) VALUES ('bill_yy0101201804031314', 'rw_yy0101201804031314', null, null, 0, 582, null, null, 0, '9fcc93075c954775a0f4438a0bdb37e8', 1522820273, 0, 0);
# INSERT INTO xm_bill (id, xminfid, gypayid, realgypayid, prepaysum, paysum, note, payby, at, opBy, opAt, delFlag, status) VALUES ('bill_yy0101201804271519', 'rw_yy0101201804271519', null, null, 0, 147, null, null, 0, '9fcc93075c954775a0f4438a0bdb37e8', 1524840108, 0, 0);
# INSERT INTO xm_bill (id, xminfid, gypayid, realgypayid, prepaysum, paysum, note, payby, at, opBy, opAt, delFlag, status) VALUES ('bill_yy02201804271819', 'rw_yy02201804271819', '365ae5b536e34553a947dc707784900e', '365ae5b536e34553a947dc707784900e', 0, 1950, '¥50*39集', null, 1525156209, 'c33599ea7f8a4d33a9d39f53966e1b54', 1524895679, 0, 2);


################ v_xmtask视图
# create view v_xmtask as
#   select
#     `xm_task`.`id`                                                 AS `id`,
#     `xm_task`.`original_order`                                     AS `original_order`,
#     `xm_task`.`taskname`                                           AS `taskname`,
#     `xm_task`.`category`                                           AS `category`,
#     `xm_task`.`award`                                              AS `award`,
#     `xm_task`.`designnum`                                          AS `designnum`,
#     `xm_task`.`author`                                             AS `author`,
#     `xm_task`.`endtime`                                            AS `endtime`,
#     `xm_task`.`firstcommit`                                        AS `firstcommit`,
#     `xm_task`.`info`                                               AS `info`,
#     `xm_task`.`content`                                            AS `content`,
#     `xm_task`.`publishAt`                                          AS `publishAt`,
#     `xm_task`.`readnum`                                            AS `readnum`,
#     `xm_task`.`location`                                           AS `location`,
#     `xm_task`.`fileurl`                                            AS `fileurl`,
#     `xm_task`.`disabled`                                           AS `disabled`,
#     `xm_task`.`opBy`                                               AS `opBy`,
#     `xm_task`.`opAt`                                               AS `opAt`,
#     `xm_task`.`delFlag`                                            AS `delFlag`,
#     `xm_task`.`applyendtime`                                       AS `applyendtime`,
#     `xm_task`.`status`                                             AS `status`,
#     `getDicnameByCode`(concat('xmtaskstatus', `xm_task`.`status`)) AS `xmtaskstatus`,
#     `sys_userinf`.`realname`                                       AS `authorrealname`
#   from (`xm_task`
#     join `sys_userinf` on ((`sys_userinf`.`id` = `xm_task`.`author`)));
#


############# create v_xmapply
# create view v_xmapply as
#   select
#     `xm_apply`.`id`                                                  AS `id`,
#     `xm_apply`.`gyid`                                                AS `gyid`,
#     `xm_apply`.`xmtaskid`                                            AS `xmtaskid`,
#     `xm_apply`.`at`                                                  AS `at`,
#     `xm_apply`.`status`                                              AS `status`,
#     `xm_apply`.`note`                                                AS `note`,
#     `xm_apply`.`opBy`                                                AS `opBy`,
#     `xm_apply`.`opAt`                                                AS `opAt`,
#     `xm_apply`.`delFlag`                                             AS `delFlag`,
#     `xm_task`.`taskname`                                             AS `taskname`,
#     `xm_task`.`author`                                               AS `author`,
#     `sys_userinf`.`realname`                                         AS `authorrealname`,
#     `gy_inf`.`realname`                                              AS `gyrealname`,
#     `getDicnameByCode`(concat('xmapplystatus', `xm_apply`.`status`)) AS `applystatus`
#   from (((`xm_apply`
#     join `xm_task` on ((`xm_task`.`id` = `xm_apply`.`xmtaskid`))) left join
#     `sys_userinf` on ((`sys_userinf`.`id` = `xm_task`.`author`))) join `gy_inf`
#       on ((`gy_inf`.`id` = `xm_apply`.`gyid`)));


########## create v_xminf
# create view v_xminf as
#   select
#     `xm_inf`.`id`                                                AS `id`,
#     `xm_inf`.`gyid`                                              AS `gyid`,
#     `xm_inf`.`status`                                            AS `status`,
#     `getDicnameByCode`(concat('xminfstatus', `xm_inf`.`status`)) AS `xminfstatus`,
#     `xm_inf`.`note`                                              AS `note`,
#     `xm_inf`.`at`                                                AS `at`,
#     `xm_inf`.`xmtaskid`                                          AS `xmtaskid`,
#     `xm_inf`.`opBy`                                              AS `opBy`,
#     `xm_inf`.`opAt`                                              AS `opAt`,
#     `xm_inf`.`delFlag`                                           AS `delFlag`,
#     `xm_task`.`taskname`                                         AS `taskname`,
#     `sys_userinf`.`realname`                                     AS `authorrealname`,
#     `xm_task`.`author`                                           AS `author`,
#     `xm_task`.`category`                                         AS `category`,
#     `xm_task`.`award`                                            AS `award`,
#     `xm_task`.`designnum`                                        AS `designnum`,
#     `xm_task`.`endtime`                                          AS `endtime`,
#     `xm_task`.`firstcommit`                                      AS `firstcommit`,
#     `xm_task`.`applyendtime`                                     AS `applyendtime`,
#     `xm_task`.`info`                                             AS `taskinfo`,
#     `xm_task`.`content`                                          AS `taskcontent`,
#     `xm_task`.`publishAt`                                        AS `publishAt`,
#     `xm_task`.`readnum`                                          AS `readnum`,
#     `xm_task`.`location`                                         AS `location`,
#     `xm_task`.`fileurl`                                          AS `fileurl`,
#     `xm_bill`.`id`                                               AS `xmbillid`,
#     `gy_inf`.`realname`                                          AS `realname`,
#     `xm_bill`.`note`                                             AS `xmbillnote`,
#     `xm_evaluation`.`id`                                         AS `xmevaid`,
#     `xm_evaluation`.`grade`                                      AS `xmevagrade`,
#     `xm_evaluation`.`note`                                       AS `xmevanote`,
#     `xm_bill`.`paysum`                                           AS `paysum`
#   from (((((`xm_inf`
#     join `xm_task` on ((`xm_task`.`id` = `xm_inf`.`xmtaskid`))) left join
#     `sys_userinf` on ((`sys_userinf`.`id` = `xm_task`.`author`))) left join
#     `xm_bill` on ((`xm_bill`.`xminfid` = `xm_inf`.`id`))) left join `gy_inf`
#       on ((`gy_inf`.`id` = `xm_inf`.`gyid`))) left join `xm_evaluation`
#       on ((`xm_evaluation`.`xminfid` = `xm_inf`.`id`)));



# create view v_xmfeedback
# create view v_xmfeedback as
#   select
#     `xm_feedback`.`id`                                                     AS `id`,
#     `xm_feedback`.`xminfid`                                                AS `xminfid`,
#     `xm_feedback`.`at`                                                     AS `at`,
#     `xm_feedback`.`fileurl`                                                AS `fileurl`,
#     `xm_feedback`.`note`                                                   AS `note`,
#     `xm_feedback`.`gyid`                                                   AS `gyid`,
#     `xm_feedback`.`nextcommit`                                             AS `nextcommit`,
#     `xm_feedback`.`reply`                                                  AS `reply`,
#     `xm_feedback`.`status`                                                 AS `status`,
#     `xm_feedback`.`opBy`                                                   AS `opBy`,
#     `xm_feedback`.`opAt`                                                   AS `opAt`,
#     `xm_feedback`.`delFlag`                                                AS `delFlag`,
#     `v_xminf`.`author`                                                              AS `author`,
#     `v_xminf`.`taskname`                                                            AS `taskname`,
#     `gy_inf`.`realname`                                                    AS `realname`,
#     `gy_inf`.`phone`                                                       AS `phone`,
#     `getDicnameByCode`(concat('xmfeedbackstatus', `xm_feedback`.`status`)) AS `xmfeedbackstatus`,
#     `xm_feedback`.`parentid`                                               AS `parentid`,
#     `xm_feedback`.`code`                                                   AS `code`,
#     `sys_userinf`.`realname`                                               AS `authorrealname`
#   from (((`xm_feedback`
#     join `v_xminf` on ((`xm_feedback`.`xminfid` = `v_xminf`.`id`))) join `gy_inf`
#       on ((`gy_inf`.`id` = `xm_feedback`.`gyid`))) left join `sys_userinf`
#       on ((`sys_userinf`.`id` = `v_xminf`.`author`)));

# create view v_xmbill
# create view v_xmbill as
#   select
#     `xm_bill`.`id`                                                 AS `id`,
#     `xm_bill`.`xminfid`                                            AS `xminfid`,
#     `xm_bill`.`gypayid`                                            AS `gypayid`,
#     `xm_bill`.`realgypayid`                                        AS `realgypayid`,
#     `xm_task`.`award`                                              AS `award`,
#     `xm_bill`.`prepaysum`                                          AS `prepaysum`,
#     `xm_bill`.`paysum`                                             AS `paysum`,
#     `xm_bill`.`note`                                               AS `note`,
#     `xm_bill`.`payby`                                              AS `payby`,
#     `xm_bill`.`at`                                                 AS `at`,
#     `xm_bill`.`opBy`                                               AS `opBy`,
#     `xm_bill`.`opAt`                                               AS `opAt`,
#     `xm_bill`.`delFlag`                                            AS `delFlag`,
#     `xm_bill`.`status`                                             AS `status`,
#     `sys_userinf`.`id`                                             AS `sysuserid`,
#     `sys_userinf`.`realname`                                       AS `paybyname`,
#     `xm_task`.`taskname`                                           AS `taskname`,
#     `xm_task`.`author`                                             AS `author`,
#     `sys_userinf1`.`realname`                                               AS `authorrealname`,
#     `getDicnameByCode`(concat('xmbillstatus', `xm_bill`.`status`)) AS `xmbillstatus`
#   from (((((`xm_bill`
#     left join `sys_user` on ((`sys_user`.`id` = `xm_bill`.`payby`))) left join
#     `sys_userinf` on ((`sys_userinf`.`userid` = `sys_user`.`id`))) join `xm_inf`
#       on ((`xm_inf`.`id` = `xm_bill`.`xminfid`))) join `xm_task`
#       on ((`xm_task`.`id` = `xm_inf`.`xmtaskid`))) join `sys_userinf` `sys_userinf1`
#       on ((`sys_userinf1`.`id` = `xm_task`.`author`)));
